type,s,x,y,z,yaw,slope,curvature,segment_id,lon,lat
origin,,,,,,,,,113.9354742,22.53983989
point,0.000,0.000,0.000,13.026,1.48608388,0.62933114,0.00000000,0,113.935474200,22.539839890
point,2.000,0.071,0.833,13.552,1.33822851,1.02441696,0.66970815,1,113.935474888,22.539847375
point,4.000,0.150,0.634,13.693,1.07424671,2.16288973,0.64125246,2,113.935475659,22.539845581
point,6.000,0.261,1.184,14.415,-1.06696784,0.24402843,0.65890661,3,113.935476736,22.539850526
point,8.000,0.823,-0.588,14.033,-1.24652681,0.10550004,0.01262720,4,113.935482207,22.539834611
point,10.000,1.149,-1.458,14.709,1.50966705,0.62074696,0.72902767,5,113.935485375,22.539826789
point,12.000,0.889,0.491,14.704,1.67589116,0.31635078,0.78157353,6,113.935482849,22.539844299
point,14.000,1.075,-0.757,14.932,-1.65322311,-0.01655733,0.09401734,7,113.935484655,22.539833091
point,16.000,0.627,-2.685,14.651,-1.75125423,-0.12618403,0.02391376,8,113.935480297,22.539815767
point,18.000,0.365,-4.650,14.433,-1.78381221,-0.06210694,0.04047742,9,113.935477747,22.539798118
point,20.000,-0.202,-6.519,14.407,-1.92121571,-0.41441071,0.03436696,10,113.935472232,22.539781328
point,22.000,-0.762,-7.734,13.072,-2.06204023,-0.29121379,0.02578460,11,113.935466785,22.539770418
point,24.000,-1.681,-9.284,13.494,-2.02246588,0.29468233,0.04127026,12,113.935457847,22.539756493
point,26.000,-2.349,-11.003,14.143,-1.72831582,0.11208181,0.10425400,13,113.935451358,22.539741046
point,28.000,-2.259,-12.918,13.907,-1.54500243,-0.07674426,0.01099871,14,113.935452232,22.539723846
point,30.000,-2.253,-14.689,13.860,-1.73180210,0.20804879,0.08153895,15,113.935452283,22.539707934
point,32.000,-2.822,-16.386,14.638,-1.85493943,-0.01885680,0.01945915,16,113.935446754,22.539692689
point,34.000,-3.260,-18.137,13.792,-1.79124218,-0.31377963,0.01245993,17,113.935442488,22.539676959
point,36.000,-3.612,-19.912,13.504,-1.76750741,-0.08960968,0.00056364,18,113.935439070,22.539661020
point,38.000,-3.989,-21.791,13.459,-1.46812076,-0.14063601,0.15180062,19,113.935435407,22.539644140
point,40.000,-3.241,-23.514,12.995,-1.28034336,-0.12806472,0.05771001,20,113.935442680,22.539628658
point,42.000,-2.886,-25.479,12.966,-1.29717181,0.02993540,0.04785010,21,113.935446129,22.539611009
point,44.000,-2.174,-27.316,13.113,-1.19096594,-0.11047744,0.00502499,22,113.935453058,22.539594507
point,46.000,-1.450,-29.075,12.538,-1.05551192,-0.23908003,0.06455030,23,113.935460093,22.539578702
point,48.000,-0.368,-30.504,12.237,-1.29379318,-0.14183354,0.17692921,24,113.935470617,22.539565870
point,50.000,-0.485,-32.470,12.037,-1.51634798,-0.10799431,0.05724972,25,113.935469479,22.539548211
point,52.000,-0.157,-34.391,11.817,-1.54014875,-0.17560763,0.06972707,26,113.935472678,22.539530954
point,54.000,-0.368,-36.312,11.362,-1.58804385,-0.20913121,0.04575935,27,113.935470625,22.539513689
point,56.000,-0.223,-38.266,11.006,-1.60588836,-0.02289875,0.05701253,28,113.935472027,22.539496139
point,58.000,-0.498,-40.032,11.277,-1.56583360,-0.02904462,0.07746339,29,113.935469355,22.539480279
point,60.000,-0.205,-41.900,10.901,-1.47044616,0.11844519,0.02861681,30,113.935472203,22.539463498
point,62.000,-0.133,-43.655,11.708,-1.61830523,0.23591364,0.04231463,31,113.935472903,22.539447733
point,64.000,-0.380,-45.564,11.766,-1.72252015,-0.10207218,0.01167352,32,113.935470508,22.539430582
point,66.000,-0.718,-47.480,11.313,-1.50065466,-0.15189845,0.12364997,33,113.935467215,22.539413371
point,68.000,-0.117,-49.295,11.198,-1.49381757,-0.05102570,0.12197027,34,113.935473058,22.539397067
point,70.000,-0.434,-51.161,11.125,-1.59687920,-0.02646178,0.06933596,35,113.935469976,22.539380307
point,72.000,-0.218,-53.138,11.096,-1.56078102,-0.03284560,0.05034182,36,113.935472083,22.539362545
point,74.000,-0.395,-55.057,10.997,-1.65686625,0.01618115,0.00307624,37,113.935470355,22.539345302
point,76.000,-0.551,-56.997,11.159,-1.74493408,0.09276318,0.04672395,38,113.935468844,22.539327876
point,78.000,-1.072,-58.904,11.359,-1.82651519,-0.04050368,0.00580828,39,113.935463773,22.539310744
point,80.000,-1.510,-60.667,11.005,-1.79399156,-0.26144655,0.01027435,40,113.935459512,22.539294910
point,82.000,-1.871,-62.423,10.416,-1.65377725,-0.14076396,0.05691688,41,113.935456006,22.539279136
point,84.000,-1.821,-64.403,10.478,-1.52016735,0.09239167,0.01293483,42,113.935456490,22.539261350
point,86.000,-1.673,-66.318,10.776,-1.53641426,0.25854165,0.02163726,43,113.935457925,22.539244146
point,88.000,-1.691,-68.172,11.453,-1.53123208,0.21790361,0.02395831,44,113.935457751,22.539227488
point,90.000,-1.523,-70.123,11.606,-1.57669531,-0.09763801,0.04652135,45,113.935459390,22.539209965
point,92.000,-1.714,-72.031,11.076,-1.47206537,-0.08177319,0.10118351,46,113.935457530,22.539192822
point,94.000,-1.159,-73.795,11.304,-1.29376553,0.00730690,0.01352919,47,113.935462928,22.539176975
point,96.000,-0.674,-75.687,11.104,-1.33721561,-0.13057780,0.00864655,48,113.935467641,22.539159978
point,98.000,-0.263,-77.560,10.799,-1.50460847,-0.10057760,0.07344135,49,113.935471639,22.539143160
point,100.000,-0.418,-79.551,10.714,-1.59992527,0.10689656,0.02498203,50,113.935470132,22.539125270
point,102.000,-0.376,-81.435,11.214,-1.59339395,0.08730406,0.02207110,51,113.935470541,22.539108343
point,104.000,-0.505,-83.380,11.049,-1.50634857,-0.13119978,0.06501292,52,113.935469290,22.539090871
point,106.000,-0.126,-85.305,10.705,-1.36197986,-0.04296352,0.00735042,53,113.935472970,22.539073579
point,108.000,0.312,-87.234,10.879,-1.41465173,0.05992915,0.03365952,54,113.935477233,22.539056251
point,110.000,0.487,-89.204,10.941,-1.53503688,-0.13916112,0.02743273,55,113.935478939,22.539038556
point,112.000,0.449,-91.055,10.347,-1.70862501,-0.16002083,0.05681553,56,113.935478563,22.539021925
point,114.000,-0.033,-92.957,10.335,-1.76790378,-0.10103868,0.02565279,57,113.935473877,22.539004845
point,116.000,-0.315,-94.880,9.953,-1.64698228,-0.15785739,0.03432581,58,113.935471135,22.538987572
point,118.000,-0.332,-96.864,9.716,-1.46618882,0.04191652,0.05838071,59,113.935470976,22.538969743
point,120.000,0.083,-98.675,10.113,-1.40741874,0.16121382,0.03019219,60,113.935475010,22.538953481
point,122.000,0.287,-100.616,10.329,-1.44051688,0.00140199,0.01279675,61,113.935476990,22.538936043
point,124.000,0.594,-102.573,10.119,-1.48379113,-0.04022394,0.03427982,62,113.935479978,22.538918459
point,126.000,0.631,-104.561,10.170,-1.51647056,-0.02407042,0.01822932,63,113.935480337,22.538900604
point,128.000,0.806,-106.467,10.025,-1.42042907,-0.07765821,0.02959185,64,113.935482038,22.538883484
point,130.000,1.201,-108.320,9.875,-1.60276832,-0.00803905,0.11841225,65,113.935485876,22.538866836
point,132.000,0.686,-110.226,9.995,-1.72768044,-0.05344420,0.05432738,66,113.935480868,22.538849710
point,134.000,0.597,-112.137,9.668,-1.66303557,0.00498886,0.02280750,67,113.935480003,22.538832544
point,136.000,0.333,-114.043,10.014,-1.45408899,0.10933378,0.12532230,68,113.935477434,22.538815424
point,138.000,1.037,-115.895,10.082,-1.28132542,0.01962640,0.03695589,69,113.935484288,22.538798786
point,140.000,1.464,-117.841,10.092,-1.43318969,0.02270160,0.04013058,70,113.935488435,22.538781310
point,142.000,1.568,-119.727,10.170,-1.49372039,-0.05768878,0.01078585,71,113.935489449,22.538764367
point,144.000,1.758,-121.657,9.871,-1.37678713,-0.19605882,0.04788836,72,113.935491301,22.538747029
point,146.000,2.311,-123.510,9.414,-1.31085397,-0.02429097,0.01534490,73,113.935496679,22.538730379
point,148.000,2.729,-125.308,9.779,-1.31571102,0.13286788,0.01295133,74,113.935500747,22.538714226
point,150.000,3.266,-127.173,9.917,-1.17070033,0.09434884,0.06056080,75,113.935505969,22.538697476
point,152.000,4.213,-128.817,10.138,-1.04564195,0.09413559,0.00128721,76,113.935515179,22.538682707
point,154.000,5.164,-130.449,10.273,-1.11641113,-0.01312960,0.03593676,77,113.935524429,22.538668050
point,156.000,5.902,-132.273,10.088,-1.29017695,-0.17441492,0.05236652,78,113.935531598,22.538651661
point,158.000,6.234,-134.161,9.599,-1.34923143,-0.11189059,0.02337788,79,113.935534836,22.538634700
point,160.000,6.748,-136.033,9.657,-1.22391505,0.00755663,0.03927385,80,113.935539836,22.538617887
point,162.000,7.555,-137.814,9.629,-1.27253245,0.14106755,0.06473807,81,113.935547681,22.538601881
point,164.000,7.866,-139.667,10.193,-1.51688878,0.16029581,0.05754645,82,113.935550704,22.538585236
point,166.000,7.751,-141.453,10.213,-1.32341810,0.10430464,0.14884413,83,113.935549591,22.538569195
point,168.000,8.743,-143.140,10.567,-0.93205048,-0.05957495,0.05489484,84,113.935559233,22.538554043
point,170.000,10.021,-144.509,9.986,-0.80908019,-0.32173586,0.00539403,85,113.935571662,22.538541744
point,172.000,11.323,-145.846,9.364,-0.84322973,-0.13154506,0.02186203,86,113.935584332,22.538529736
point,174.000,12.573,-147.375,9.481,-1.06004670,0.12833413,0.08788760,87,113.935596484,22.538516000
point,176.000,13.209,-149.210,9.859,-0.99252616,0.35744786,0.13299356,88,113.935602670,22.538499510
point,178.000,14.474,-150.288,10.724,-0.86168420,0.55633858,0.08318933,89,113.935614975,22.538489834
point,180.000,15.223,-151.558,11.580,-0.95126930,0.37154932,0.03854377,90,113.935622261,22.538478421
point,182.000,16.427,-153.026,11.974,-0.72588928,-0.02475641,0.08024920,91,113.935633971,22.538465233
point,184.000,17.984,-154.008,11.488,-0.68716561,0.15584015,0.06520415,92,113.935649111,22.538456410
point,186.000,19.123,-155.238,12.518,-0.81120314,0.42443353,0.00602271,93,113.935660190,22.538445362
point,188.000,20.382,-156.534,12.967,-0.71296026,0.20184542,0.04257099,94,113.935672440,22.538433722
point,190.000,21.896,-157.636,13.258,-0.49783313,0.08075728,0.06430447,95,113.935687158,22.538423824
point,192.000,23.719,-158.347,13.273,-0.58216246,0.01662647,0.10648972,96,113.935704893,22.538417431
point,194.000,25.049,-159.712,13.320,-0.56147054,0.00726004,0.11620093,97,113.935717828,22.538405177
point,196.000,26.914,-160.357,13.301,-0.41781125,-0.09150256,0.04337126,98,113.935735969,22.538399377
point,198.000,28.555,-161.268,12.969,-0.41901308,-0.27250249,0.04408984,99,113.935751928,22.538391194
point,200.000,30.313,-161.871,12.287,-0.32536242,-0.05326795,0.00248262,100,113.935769021,22.538385780
point,202.000,32.120,-162.471,12.769,-0.17487654,0.04698420,0.07201004,101,113.935786597,22.538380392
point,204.000,34.064,-162.534,12.466,-0.16752231,0.06788060,0.06818451,102,113.935805508,22.538379826
point,206.000,35.886,-163.107,13.028,-0.34615874,0.15141557,0.02006246,103,113.935823226,22.538374671
point,208.000,37.735,-163.858,13.057,-0.32051257,0.10800547,0.03510869,104,113.935841208,22.538367933
point,210.000,39.398,-164.273,13.428,-0.14602819,0.01171172,0.04623450,105,113.935857386,22.538364198
point,212.000,41.366,-164.392,13.100,-0.12409975,-0.13404303,0.03240586,106,113.935876529,22.538363135
point,214.000,43.259,-164.755,12.906,0.03767416,-0.08343719,0.11197183,107,113.935894936,22.538359872
point,216.000,45.178,-164.248,12.781,0.22648752,-0.10125578,0.01639554,108,113.935913604,22.538364426
point,218.000,47.006,-163.891,12.517,0.17047354,-0.35055883,0.01155466,109,113.935931382,22.538367629
point,220.000,48.705,-163.641,11.527,0.14210326,-0.37196241,0.00203864,110,113.935947909,22.538369880
point,222.000,50.628,-163.373,11.156,0.25920789,-0.14627311,0.06046386,111,113.935966614,22.538372284
point,224.000,52.432,-162.653,10.963,0.28314349,0.03138111,0.04819932,112,113.935984152,22.538378757
point,226.000,54.363,-162.287,11.278,0.18822775,0.06227566,0.00044483,113,113.936002935,22.538382045
point,228.000,56.312,-161.913,11.209,0.24832544,0.00975094,0.02957491,114,113.936021896,22.538385397
point,230.000,58.208,-161.312,11.317,0.34365972,0.05470041,0.01828709,115,113.936040335,22.538390804
point,232.000,60.022,-160.586,11.424,0.20684799,0.05197830,0.08833933,116,113.936057978,22.538397323
point,234.000,61.911,-160.534,11.513,0.12394273,0.15540019,0.04910241,117,113.936076354,22.538397785
point,236.000,63.700,-160.128,12.000,0.48841708,0.21633576,0.13360149,118,113.936093752,22.538401440
point,238.000,65.009,-158.888,12.272,0.47202676,-0.10413056,0.14156305,119,113.936106485,22.538412573
point,240.000,66.814,-158.538,11.636,0.50360495,-0.13993077,0.15172823,120,113.936124039,22.538415720
point,242.000,68.168,-157.148,11.768,0.67193534,0.01847272,0.06293808,121,113.936137201,22.538428204
point,244.000,69.847,-156.125,11.708,0.63427787,-0.12947274,0.04403800,122,113.936153537,22.538437391
point,246.000,71.298,-154.845,11.265,0.79531627,-0.17113995,0.03614454,123,113.936167644,22.538448890
point,248.000,72.547,-153.372,11.048,0.79059397,0.05772846,0.03902043,124,113.936179792,22.538462126
point,250.000,73.973,-152.142,11.484,0.68451109,-0.03565589,0.01348821,125,113.936193669,22.538473178
point,252.000,75.474,-150.983,10.913,0.69750556,-0.26457462,0.01974561,126,113.936208267,22.538483591
point,254.000,76.907,-149.683,10.471,0.85227487,-0.01681914,0.05780928,127,113.936222202,22.538495264
point,256.000,78.005,-148.089,10.849,1.00947820,0.10532546,0.02099462,128,113.936232880,22.538509588
point,258.000,78.949,-146.436,10.875,0.86286695,-0.09431067,0.09498463,129,113.936242063,22.538524437
point,260.000,80.423,-145.263,10.498,0.76412990,0.06249406,0.04656780,130,113.936256402,22.538534970
point,262.000,81.632,-143.865,11.108,0.95957641,0.07846099,0.04934396,131,113.936268155,22.538547532
point,264.000,82.594,-142.165,10.795,1.08137293,-0.12783551,0.01289400,132,113.936277516,22.538562799
point,266.000,83.471,-140.411,10.607,1.07556277,-0.12327815,0.01572714,133,113.936286048,22.538578558
point,268.000,84.463,-138.705,10.310,0.90701714,-0.05910777,0.06817250,134,113.936295691,22.538593878
point,270.000,85.894,-137.313,10.375,0.86714903,0.13118524,0.04875858,135,113.936309612,22.538606384
point,272.000,86.986,-135.732,10.822,1.01431021,0.18464436,0.02359011,136,113.936320231,22.538620589
point,274.000,87.948,-134.012,11.093,1.08438418,0.21907850,0.01204493,137,113.936329583,22.538636036
point,276.000,88.782,-132.335,11.663,1.17322739,0.12517647,0.03114621,138,113.936337700,22.538651101
point,278.000,89.440,-130.459,11.575,1.17700922,0.01513405,0.02839961,139,113.936344095,22.538667953
point,280.000,90.301,-128.679,11.723,1.21947254,0.20190419,0.05315913,140,113.936352476,22.538683947
point,282.000,90.711,-126.991,12.321,1.23850863,0.00755636,0.04503877,141,113.936356461,22.538699113
point,284.000,91.484,-125.251,11.751,1.24716577,-0.05553170,0.04742514,142,113.936363979,22.538714737
point,286.000,91.913,-123.407,12.111,1.36531816,-0.07245598,0.01165791,143,113.936368153,22.538731309
point,288.000,92.249,-121.583,11.479,1.44209967,-0.30302569,0.02616341,144,113.936371415,22.538747690
point,290.000,92.397,-119.671,10.970,1.35459771,-0.08236274,0.06932365,145,113.936372856,22.538764870
point,292.000,93.065,-117.864,11.165,1.34344730,0.22420376,0.06471902,146,113.936379360,22.538781098
point,294.000,93.243,-116.011,11.812,1.46585182,0.05504799,0.00468897,147,113.936381089,22.538797742
point,296.000,93.451,-114.206,11.368,1.63223176,-0.10826308,0.49963035,148,113.936383108,22.538813959
point,298.000,93.138,-114.307,11.627,-2.39891170,0.61749662,0.12865771,149,113.936380070,22.538813050
point,300.000,92.053,-115.490,12.540,-2.60066631,0.41428425,0.14014755,150,113.936369509,22.538802429
point,302.000,90.430,-115.934,12.936,-2.99990011,0.21645041,0.05840655,151,113.936353732,22.538798438
point,304.000,88.476,-116.000,13.322,-3.07747428,0.18645091,0.01577211,152,113.936334725,22.538797846
point,306.000,86.665,-116.176,13.639,-3.09353565,-0.02678167,0.02527330,153,113.936317105,22.538796266
point,308.000,84.970,-116.168,13.228,2.47015761,-0.01284194,0.30935982,154,113.936300626,22.538796331
point,310.000,84.343,-114.331,13.601,1.87063018,0.16865639,0.01462965,155,113.936294523,22.538812839
point,312.000,83.825,-112.464,13.882,1.70081316,0.29491911,0.07309885,156,113.936289488,22.538829606
point,314.000,83.864,-110.672,14.689,1.64555592,0.11061509,0.04969106,157,113.936289869,22.538845710
point,316.000,83.566,-109.002,14.266,1.74286235,-0.17267189,0.00237480,158,113.936286965,22.538860712
point,318.000,83.272,-107.263,14.092,1.71141129,-0.13579670,0.01345751,159,113.936284109,22.538876326
point,320.000,83.074,-105.528,13.789,1.55387018,0.02610972,0.06370387,160,113.936282183,22.538891917
point,322.000,83.332,-103.713,14.185,1.57281682,0.21394111,0.07096908,161,113.936284693,22.538908223
point,324.000,83.067,-101.864,14.573,1.51729004,0.00522053,0.09749048,162,113.936282111,22.538924829
point,326.000,83.529,-100.032,14.204,0.73978591,-0.01447564,0.36482407,163,113.936286611,22.538941288
point,328.000,84.873,-100.215,14.538,0.07770519,0.12573725,0.09123264,164,113.936299679,22.538939639
point,330.000,86.729,-99.783,14.608,0.21105912,0.05188458,0.00891418,165,113.936317727,22.538943526
point,332.000,88.645,-99.407,14.738,0.20590705,0.01916960,0.00618569,166,113.936336368,22.538946899
point,334.000,90.578,-98.979,14.683,0.19207561,0.04266318,0.01322131,167,113.936355169,22.538950749
point,336.000,92.484,-98.661,14.905,0.39508078,-0.05992080,0.13957701,168,113.936373703,22.538953605
point,338.000,93.506,-97.758,14.493,1.05212685,-0.19718996,0.13863874,169,113.936383644,22.538961716
point,340.000,94.072,-95.878,14.273,1.40239991,0.04021444,0.06223076,170,113.936389151,22.538978602
point,342.000,94.158,-93.924,14.649,1.62574133,0.02369859,0.04920074,171,113.936389983,22.538996155
point,344.000,93.858,-91.982,14.366,1.70281653,-0.04513456,0.01047402,172,113.936387067,22.539013606
point,346.000,93.637,-90.003,14.471,1.59562259,-0.13123320,0.04463752,173,113.936384919,22.539031377
point,348.000,93.762,-88.142,13.862,1.61514598,-0.12418119,0.05415436,174,113.936386140,22.539048100
point,350.000,93.467,-86.178,13.995,1.69197990,0.04083805,0.01412751,175,113.936383268,22.539065740
point,352.000,93.285,-84.224,14.023,1.67788040,0.05012879,0.00718820,176,113.936381500,22.539083294
point,354.000,93.049,-82.291,14.191,1.57267828,0.07716749,0.05938667,177,113.936379203,22.539100662
point,356.000,93.278,-80.328,14.323,1.53093593,0.08994442,0.03801099,178,113.936381428,22.539118293
point,358.000,93.207,-78.345,14.546,1.70608042,-0.02436031,0.05043234,179,113.936380734,22.539136102
point,360.000,92.754,-76.477,14.229,1.63358468,-0.10297469,0.08703274,180,113.936376331,22.539152885
point,362.000,92.968,-74.547,14.154,1.45314833,-0.05973870,0.00360664,181,113.936378411,22.539170223
point,364.000,93.213,-72.596,13.995,1.59349449,-0.11611168,0.07386907,182,113.936380792,22.539187748
point,366.000,92.880,-70.664,13.704,1.61746071,-0.02424314,0.06289667,183,113.936377554,22.539205102
point,368.000,93.034,-68.765,13.902,1.53718698,0.02569302,0.02320555,184,113.936379052,22.539222163
point,370.000,93.010,-66.784,13.803,1.59718470,-0.00752188,0.00724904,185,113.936378823,22.539239959
point,372.000,92.929,-64.806,13.872,1.60946459,0.07920019,0.00112248,186,113.936378036,22.539257728
point,374.000,92.858,-62.865,14.114,1.68068171,0.25625644,0.03755701,187,113.936377349,22.539275164
point,376.000,92.513,-61.037,14.844,1.54355950,0.30088702,0.10670187,188,113.936373992,22.539291582
point,378.000,92.958,-59.223,15.210,1.26204897,-0.09994395,0.03594039,189,113.936378314,22.539307879
point,380.000,93.596,-57.644,14.488,1.41028802,-0.53601155,0.11290635,190,113.936384520,22.539322068
point,382.000,93.483,-55.979,13.448,1.72837566,-0.18130926,0.04402740,191,113.936383423,22.539337024
point,384.000,93.063,-54.291,13.872,1.74454016,0.03241795,0.03294056,192,113.936379338,22.539352189
point,386.000,92.842,-52.329,13.569,1.69373688,-0.08500498,0.00545473,193,113.936377192,22.539369814
point,388.000,92.579,-50.373,13.537,1.64565082,-0.02566613,0.02935315,194,113.936374630,22.539387383
point,390.000,92.546,-48.380,13.467,1.65124163,-0.04198850,0.03234328,195,113.936374311,22.539405286
point,392.000,92.263,-46.449,13.372,1.65704125,0.13705201,0.03045037,196,113.936371553,22.539422632
point,394.000,92.218,-44.581,13.989,1.64074056,0.16630052,0.02225538,197,113.936371117,22.539439410
point,396.000,91.993,-42.603,14.013,1.59856123,-0.08622483,0.04365056,198,113.936368933,22.539457185
point,398.000,92.110,-40.705,13.655,1.52076411,-0.14891233,0.00566319,199,113.936370070,22.539474229
point,400.000,92.187,-38.734,13.436,1.45149410,-0.14273091,0.04107968,200,113.936370817,22.539491940
point,402.000,92.568,-36.883,13.106,1.62895485,-0.14910470,0.12787134,201,113.936374527,22.539508567
point,404.000,91.970,-35.002,12.879,1.80672866,-0.03816902,0.03630449,202,113.936368704,22.539525458
point,406.000,91.652,-33.071,12.956,1.72212688,0.07756231,0.00583141,203,113.936365614,22.539542811
point,408.000,91.377,-31.119,13.183,1.71178663,0.16388038,0.00064479,204,113.936362945,22.539560341
point,410.000,91.101,-29.186,13.599,1.77227339,0.23478115,0.02974765,205,113.936360252,22.539577705
point,412.000,90.601,-27.319,14.094,1.75412191,0.10256067,0.03904453,206,113.936355396,22.539594480
point,414.000,90.399,-25.404,13.994,1.80359582,-0.00296787,0.06288893,207,113.936353430,22.539611686
point,416.000,89.706,-23.543,14.082,1.85544318,0.18415716,0.03748015,208,113.936346688,22.539628401
point,418.000,89.329,-21.747,14.695,1.89888423,0.03974185,0.05966817,209,113.936343024,22.539644536
point,420.000,88.511,-20.034,14.230,1.83855975,-0.24978966,0.08820470,210,113.936335070,22.539659924
point,422.000,88.333,-18.117,13.755,1.86111971,-0.05173397,0.09807931,211,113.936333340,22.539677139
point,424.000,87.422,-16.387,14.033,2.05906998,0.17164826,0.00169520,212,113.936324475,22.539692680
point,426.000,86.510,-14.685,14.422,2.06157825,0.13675870,0.00045439,213,113.936315608,22.539707972
point,428.000,85.613,-13.001,14.558,2.07659406,0.08061089,0.00787231,214,113.936306875,22.539723098
point,430.000,84.639,-11.307,14.734,2.12165706,-0.06414017,0.01491258,215,113.936297412,22.539738316
point,432.000,83.590,-9.709,14.310,2.12937248,-0.27459403,0.01142222,216,113.936287205,22.539752674
point,434.000,82.649,-8.123,13.702,2.20446832,-0.08744074,0.04826812,217,113.936278056,22.539766922
point,436.000,81.375,-6.694,13.983,2.31625791,-0.06543899,0.00863229,218,113.936265660,22.539779757
point,438.000,80.081,-5.341,13.455,2.31806357,-0.30770131,0.00794648,219,113.936253077,22.539791912
point,440.000,78.868,-3.989,12.848,2.30449542,-0.29754273,0.00126101,220,113.936241282,22.539804059
point,442.000,77.607,-2.596,12.355,2.24569250,-0.27182802,0.03214096,221,113.936229008,22.539816569
point,444.000,76.629,-1.191,11.874,2.33277465,-0.24297183,0.07452222,222,113.936219502,22.539829195
point,446.000,75.183,-0.056,11.502,2.61380224,-0.21192679,0.06742701,223,113.936205438,22.539839383
point,448.000,73.425,0.677,11.088,2.73881510,0.09278164,0.00377237,224,113.936188337,22.539845976
point,450.000,71.747,1.408,11.849,2.63964155,0.19731114,0.04397379,225,113.936172018,22.539852535
point,452.000,70.096,2.505,11.837,2.55030362,0.02242943,0.00249388,226,113.936155957,22.539862389
point,454.000,68.500,3.588,11.936,2.56392401,-0.00707588,0.00927249,227,113.936140436,22.539872120
point,456.000,66.842,4.626,11.810,2.51263661,0.01255555,0.03577642,228,113.936124308,22.539881444
point,458.000,65.424,5.826,11.984,2.70777236,0.13636572,0.13262031,229,113.936110516,22.539892225
point,460.000,63.548,6.151,12.305,2.91296567,0.02425964,0.02782181,230,113.936092276,22.539895149
point,462.000,61.647,6.705,12.078,2.88078015,-0.15475657,0.01123479,231,113.936073781,22.539900120
point,464.000,59.742,7.167,11.695,2.82363881,0.03842618,0.04098793,232,113.936055255,22.539904275
point,466.000,58.034,7.894,12.224,2.89429159,0.30268104,0.07891808,233,113.936038646,22.539910800
point,468.000,56.253,8.048,12.784,3.07733639,0.04018272,0.01075141,234,113.936021321,22.539912188
point,470.000,54.338,8.132,12.373,3.03265898,-0.05765971,0.03217440,235,113.936002694,22.539912937
point,472.000,52.385,8.471,12.560,2.92433273,0.04111832,0.02270395,236,113.935983698,22.539915988
point,474.000,50.499,8.979,12.535,2.94403111,0.14148063,0.03328156,237,113.935965362,22.539920548
point,476.000,48.627,9.223,13.102,3.04435059,0.09881562,0.01643263,238,113.935947150,22.539922746
point,478.000,46.767,9.343,12.905,3.06749559,0.03742490,0.00485827,239,113.935929063,22.539923819
point,480.000,44.823,9.506,13.245,3.11513562,0.03730249,0.03004525,240,113.935910155,22.539925282
point,482.000,43.056,9.441,13.044,-3.08834884,-0.10438982,0.00837844,241,113.935892971,22.539924701
point,484.000,41.314,9.319,12.878,-2.98755836,0.05147810,0.03994334,242,113.935876026,22.539923602
point,486.000,39.433,8.878,13.233,-2.89355284,0.29119555,0.00931825,243,113.935857726,22.539919647
point,488.000,37.661,8.394,13.975,-3.04215932,0.05954864,0.08480851,244,113.935840497,22.539915292
point,490.000,35.870,8.523,13.446,-3.10538569,-0.48622579,0.05694598,245,113.935823072,22.539916454
point,492.000,34.261,8.270,12.321,-2.85826649,-0.33564437,0.05914668,246,113.935807424,22.539914185
point,494.000,32.499,7.542,12.268,-3.04800880,0.11657343,0.16225740,247,113.935790293,22.539907639
point,496.000,30.919,7.957,12.712,-3.05302372,0.15831630,0.15784879,248,113.935774917,22.539911367
point,498.000,29.094,7.239,12.809,-2.77818395,0.07011859,0.00571724,249,113.935757172,22.539904922
point,500.000,27.314,6.586,12.983,-2.61038188,0.10620850,0.08817301,250,113.935739861,22.539899053
point,502.000,25.819,5.315,13.212,-2.50542893,0.08364656,0.03397054,251,113.935725315,22.539887635
point,504.000,24.147,4.247,13.312,-2.58742561,-0.05880849,0.00736559,252,113.935709053,22.539878037
point,506.000,22.513,3.269,12.984,-2.71752080,-0.13743818,0.06192121,253,113.935693164,22.539869258
point,508.000,20.930,2.794,12.827,-2.71155506,-0.21052676,0.06479543,254,113.935677768,22.539864992
point,510.000,19.313,1.801,12.242,-2.73266216,-0.11442187,0.07161289,255,113.935662037,22.539856071
point,512.000,17.519,1.316,12.401,-2.83350018,0.14097256,0.02173998,256,113.935644591,22.539851713
point,514.000,15.739,0.664,12.771,-2.62575432,-0.00277795,0.08213467,257,113.935627278,22.539845855
point,516.000,14.257,-0.534,12.391,-2.32662117,-0.09377890,0.06630538,258,113.935612862,22.539835095
point,518.000,13.094,-2.142,12.410,-2.24229867,0.03283451,0.02279647,259,113.935601557,22.539820650
point,520.000,11.790,-3.638,12.521,-2.19575477,-0.06728195,0.04707006,260,113.935588870,22.539807211
point,522.000,10.830,-5.280,12.149,-2.19166622,-0.09598716,0.04498873,261,113.935579537,22.539792459
point,524.000,9.534,-6.792,12.149,-2.22968506,-0.19091382,0.02628262,262,113.935566926,22.539778874
point,526.000,8.513,-8.273,11.427,-2.33771850,-0.37055654,0.08577927,263,113.935556999,22.539765576
point,528.000,7.187,-9.228,10.896,-2.39225475,-0.09377487,0.05766850,264,113.935544100,22.539756997
point,530.000,5.912,-10.692,11.094,-2.25755964,0.09396262,0.01452512,265,113.935531704,22.539743840
point,532.000,4.704,-12.256,11.264,-2.13839253,-0.09704059,0.04650568,266,113.935519949,22.539729792
point,534.000,3.855,-13.920,10.722,-2.10500425,-0.17678487,0.03034434,267,113.935511690,22.539714846
point,536.000,2.755,-15.551,10.587,-1.91305084,-0.09689656,0.14059432,268,113.935500993,22.539700197
point,537.914,2.684,-17.207,10.384,-1.61380135,-0.12248176,0.00000000,269,113.935500300,22.539685320
